,image,score
0,Scale_Pose_or_Tolasana__image_38.jpg,"[[[[0.42463565 0.5082924  0.69248617]
   [0.40978056 0.5225645  0.6388068 ]
   [0.41064233 0.4925298  0.73401123]
   [0.40993565 0.5387604  0.7059883 ]
   [0.4124821  0.46754867 0.5965206 ]
   [0.47138396 0.582929   0.61400735]
   [0.46386537 0.42339167 0.80832773]
   [0.5691785  0.62223893 0.64778835]
   [0.5762643  0.38889557 0.78710496]
   [0.68583775 0.639941   0.85851496]
   [0.67635137 0.37960148 0.8909507 ]
   [0.6591519  0.53441864 0.7818884 ]
   [0.6582985  0.45343626 0.78671527]
   [0.56750447 0.6143024  0.45226735]
   [0.5844652  0.40547678 0.39857504]
   [0.58833224 0.5392608  0.2407308 ]
   [0.594265   0.48819095 0.16651826]]]]"
1,Scale_Pose_or_Tolasana__image_75.jpg,"[[[[0.3576124  0.50573736 0.49712315]
   [0.34502712 0.5165013  0.46585748]
   [0.34928784 0.49033868 0.7598591 ]
   [0.3536734  0.53378606 0.5766483 ]
   [0.36197457 0.4705275  0.52931565]
   [0.43006027 0.573309   0.79214174]
   [0.43462533 0.44863486 0.64192754]
   [0.5501457  0.6057244  0.5535912 ]
   [0.55477047 0.42484477 0.49281764]
   [0.59822804 0.59899426 0.16588679]
   [0.6080738  0.44712186 0.29568988]
   [0.5774819  0.55285704 0.5982738 ]
   [0.57849485 0.47607845 0.5886987 ]
   [0.5945911  0.63113254 0.3746906 ]
   [0.60349745 0.38882163 0.30256546]
   [0.6522165  0.57554245 0.16334236]
   [0.6546615  0.47787264 0.14568746]]]]"
2,Scale_Pose_or_Tolasana__image_43.jpg,"[[[[0.28329802 0.48485917 0.6314758 ]
   [0.25820193 0.5085495  0.9267202 ]
   [0.25809458 0.46007466 0.89870995]
   [0.281822   0.53957355 0.79111594]
   [0.28310278 0.4291356  0.83067137]
   [0.41166824 0.5938145  0.89489156]
   [0.39669296 0.3692081  0.73379564]
   [0.616489   0.6463144  0.9029892 ]
   [0.60723394 0.2999198  0.91477567]
   [0.7493693  0.6559839  0.94212455]
   [0.73972183 0.28496483 0.6315358 ]
   [0.71136796 0.5523526  0.48307082]
   [0.71354973 0.39781237 0.67209584]
   [0.62690586 0.6902564  0.5374979 ]
   [0.66896296 0.28652292 0.9187721 ]
   [0.67388356 0.39815283 0.4673177 ]
   [0.66902274 0.5250762  0.4328199 ]]]]"
3,Scale_Pose_or_Tolasana__image_41.jpg,"[[[[0.31058112 0.5006807  0.35356683]
   [0.29660422 0.51545805 0.4946812 ]
   [0.29686666 0.48631153 0.64336306]
   [0.30681202 0.5350408  0.8310847 ]
   [0.3072216  0.46828824 0.6526462 ]
   [0.38324505 0.5837952  0.9032839 ]
   [0.38560838 0.42310414 0.69496405]
   [0.52396643 0.6147314  0.84601504]
   [0.5351065  0.39010113 0.7915778 ]
   [0.64101857 0.61894083 0.5802596 ]
   [0.6436046  0.3925053  0.77950984]
   [0.6453739  0.5396596  0.6146301 ]
   [0.64503294 0.4662759  0.85132813]
   [0.54127413 0.66428    0.6429602 ]
   [0.55139244 0.34757715 0.6045547 ]
   [0.6538815  0.6201181  0.49906513]
   [0.6015313  0.52865624 0.2087526 ]]]]"
4,Scale_Pose_or_Tolasana__image_27.jpg,"[[[[0.26840273 0.43155703 0.49284476]
   [0.2589002  0.45179304 0.57281125]
   [0.26250064 0.4188516  0.44159   ]
   [0.29411802 0.4718201  0.6290569 ]
   [0.29925725 0.39888597 0.6755221 ]
   [0.39441723 0.51631516 0.7433788 ]
   [0.39966968 0.35232958 0.85993224]
   [0.51403034 0.5820416  0.70968056]
   [0.5338561  0.30243853 0.48917913]
   [0.6461783  0.56270605 0.6767254 ]
   [0.54771644 0.3793404  0.208596  ]
   [0.61799663 0.49085587 0.68260497]
   [0.6253831  0.3883134  0.7418542 ]
   [0.5230132  0.5821806  0.48330304]
   [0.54253995 0.27648073 0.6097144 ]
   [0.5701035  0.41744688 0.05664301]
   [0.58880246 0.47314262 0.19824226]]]]"
5,Scale_Pose_or_Tolasana__image_24.jpg,"[[[[0.45527172 0.49308315 0.6556447 ]
   [0.42166796 0.50804234 0.75010455]
   [0.42449838 0.46681005 0.66415775]
   [0.4094592  0.49808556 0.2097761 ]
   [0.40354043 0.3841672  0.61644727]
   [0.5150181  0.5106501  0.59492046]
   [0.49420255 0.2803616  0.77857244]
   [0.70922637 0.51778334 0.5811321 ]
   [0.7072611  0.17645994 0.6503931 ]
   [0.89760697 0.51766884 0.80467814]
   [0.9233543  0.14483473 0.7412376 ]
   [0.7759918  0.40022534 0.56231654]
   [0.7702298  0.25832197 0.7126089 ]
   [0.7565778  0.58057415 0.39199126]
   [0.7811171  0.3378349  0.16731374]
   [0.86190265 0.52531755 0.18358822]
   [0.7423072  0.37133557 0.2641135 ]]]]"
6,Scale_Pose_or_Tolasana__image_63.jpg,"[[[[0.20499448 0.4999773  0.6892689 ]
   [0.17422718 0.5242979  0.91016227]
   [0.17655654 0.47228882 0.89656967]
   [0.18144548 0.5635623  0.80300754]
   [0.18660484 0.4361236  0.77515316]
   [0.32087606 0.66695315 0.9723354 ]
   [0.31248063 0.35081255 0.96135426]
   [0.5692566  0.70776296 0.91874886]
   [0.5607985  0.3102206  0.90065706]
   [0.77272964 0.73800373 0.6481266 ]
   [0.779985   0.2681442  0.58853424]
   [0.66878664 0.6015297  0.821231  ]
   [0.6470104  0.41953346 0.8072457 ]
   [0.649885   0.7911835  0.6383416 ]
   [0.7022061  0.2258414  0.8066294 ]
   [0.7049153  0.41647398 0.4791504 ]
   [0.7392104  0.6036071  0.17978846]]]]"
7,Scale_Pose_or_Tolasana__image_88.jpg,"[[[[0.28684008 0.5502153  0.81407106]
   [0.26561743 0.5710487  0.66629964]
   [0.25562316 0.5228987  0.86815125]
   [0.28539017 0.58115876 0.7758606 ]
   [0.26728508 0.47439322 0.784919  ]
   [0.4264559  0.58281606 0.86284506]
   [0.36295006 0.39045924 0.9159983 ]
   [0.63946277 0.5827741  0.8122431 ]
   [0.6016305  0.2812454  0.9471771 ]
   [0.8160717  0.6000873  0.2944646 ]
   [0.8134758  0.25689402 0.6688864 ]
   [0.7307674  0.49434036 0.7495882 ]
   [0.71675134 0.35715294 0.5049966 ]
   [0.68473357 0.7668064  0.7625191 ]
   [0.6539745  0.3726244  0.36647904]
   [0.6817089  0.44729882 0.65188396]
   [0.6818475  0.5075577  0.30373415]]]]"
8,Scale_Pose_or_Tolasana__image_11.jpg,"[[[[0.2606405  0.49715924 0.64280725]
   [0.23079851 0.5209444  0.8169167 ]
   [0.2312893  0.4634377  0.70504606]
   [0.24785623 0.55355334 0.4945958 ]
   [0.2475217  0.4128564  0.58457536]
   [0.39286682 0.6006439  0.84490883]
   [0.38708067 0.36318228 0.80817616]
   [0.5765055  0.651558   0.82185066]
   [0.56946087 0.31008887 0.6007424 ]
   [0.7737511  0.6940007  0.7027015 ]
   [0.5921926  0.33117157 0.17235275]
   [0.6782012  0.5584444  0.3775965 ]
   [0.6794519  0.43036357 0.50326705]
   [0.6510027  0.6801257  0.6408337 ]
   [0.6540281  0.24739733 0.4775345 ]
   [0.7892921  0.6936747  0.1649406 ]
   [0.7816179  0.26235378 0.51232475]]]]"
9,Scale_Pose_or_Tolasana__image_70.jpg,"[[[[0.29772186 0.41478428 0.72948503]
   [0.27790576 0.43319687 0.81040746]
   [0.2776163  0.42564014 0.7476185 ]
   [0.29441956 0.48892963 0.600277  ]
   [0.2939999  0.47237614 0.46654698]
   [0.41062272 0.6044795  0.8937191 ]
   [0.41632172 0.39619473 0.72737765]
   [0.56971055 0.65097225 0.8297737 ]
   [0.57523704 0.3617081  0.69062763]
   [0.6972301  0.6900226  0.29605722]
   [0.67187    0.32547233 0.55914277]
   [0.6807655  0.5743211  0.74204534]
   [0.68289787 0.4440535  0.7326435 ]
   [0.67793596 0.73637265 0.78058827]
   [0.7013666  0.26801226 0.77110845]
   [0.7035757  0.43550164 0.25866178]
   [0.7260162  0.58460313 0.3809339 ]]]]"
10,Scale_Pose_or_Tolasana__image_3.jpg,"[[[[0.09580753 0.6021846  0.71690005]
   [0.07898496 0.6138804  0.63991   ]
   [0.08129724 0.56199706 0.5497947 ]
   [0.10227139 0.60804945 0.6693322 ]
   [0.1203143  0.4991164  0.6029974 ]
   [0.37262863 0.62293154 0.6460281 ]
   [0.33706778 0.37929487 0.9230092 ]
   [0.62818056 0.6378743  0.72456473]
   [0.60277516 0.30192143 0.72934425]
   [0.8179704  0.6622656  0.43390736]
   [0.84465486 0.24995233 0.5158344 ]
   [0.69995105 0.49828523 0.72341686]
   [0.6822123  0.33763188 0.45323437]
   [0.6854086  0.78397906 0.3550439 ]
   [0.7418631  0.42273453 0.21207814]
   [0.7313418  0.5344312  0.31741676]
   [0.7270056  0.5431811  0.33822653]]]]"
11,Scale_Pose_or_Tolasana__image_81.jpg,"[[[[0.41551447 0.47549415 0.71381193]
   [0.39069948 0.4986873  0.51879954]
   [0.39011616 0.45465964 0.44094127]
   [0.3604297  0.53162605 0.43536955]
   [0.35045564 0.42300192 0.53015   ]
   [0.41927415 0.5660815  0.64135355]
   [0.4142563  0.37375063 0.74786216]
   [0.5691239  0.65004206 0.44336435]
   [0.56765884 0.27320302 0.59684855]
   [0.7284852  0.68080217 0.44257715]
   [0.72546226 0.2409997  0.62213176]
   [0.6264407  0.5232879  0.7140659 ]
   [0.6317446  0.40864816 0.7098233 ]
   [0.6378454  0.681654   0.7144953 ]
   [0.6369894  0.26151234 0.57578367]
   [0.73687536 0.6863147  0.22983576]
   [0.7386811  0.24616817 0.24742346]]]]"
12,Scale_Pose_or_Tolasana__image_57.jpg,"[[[[0.27798775 0.47782865 0.84655756]
   [0.23359577 0.5079241  0.7839037 ]
   [0.24288124 0.4445942  0.8663211 ]
   [0.22918056 0.5586283  0.6650608 ]
   [0.24741293 0.41801506 0.7470831 ]
   [0.33049366 0.63036287 0.9226354 ]
   [0.36808264 0.35481745 0.7876419 ]
   [0.53753173 0.6815801  0.7534177 ]
   [0.58730805 0.324754   0.6000923 ]
   [0.74351156 0.72293025 0.9357559 ]
   [0.7610917  0.31822723 0.7776031 ]
   [0.59702265 0.6052685  0.87758034]
   [0.61891866 0.4466972  0.8496393 ]
   [0.6531615  0.70474833 0.47582716]
   [0.6663506  0.26145172 0.85432404]
   [0.5824038  0.37152734 0.41966844]
   [0.5818885  0.49058524 0.16916014]]]]"
13,Scale_Pose_or_Tolasana__image_20.jpg,"[[[[0.38586888 0.3300167  0.7203142 ]
   [0.35419616 0.35259733 0.8671223 ]
   [0.3584918  0.3042668  0.7512574 ]
   [0.3637951  0.3843805  0.80267376]
   [0.3758483  0.27335048 0.7800569 ]
   [0.4700843  0.43687344 0.7824518 ]
   [0.48737136 0.2091677  0.85887754]
   [0.65724206 0.46884313 0.7238853 ]
   [0.67740536 0.15334736 0.50899076]
   [0.81446815 0.5034493  0.7586295 ]
   [0.7513284  0.1103531  0.49363464]
   [0.7686496  0.3858959  0.723389  ]
   [0.7732048  0.24898009 0.685482  ]
   [0.6716384  0.5082749  0.37661898]
   [0.72432816 0.17600344 0.27181742]
   [0.7911634  0.21859816 0.29932818]
   [0.77974075 0.35719842 0.2148252 ]]]]"
14,Scale_Pose_or_Tolasana__image_78.jpg,"[[[[0.25316054 0.3448517  0.6981305 ]
   [0.22740884 0.36990613 0.8794702 ]
   [0.22532389 0.32441866 0.876944  ]
   [0.23798428 0.4017667  0.807072  ]
   [0.23155127 0.29250833 0.85414624]
   [0.36572027 0.46552372 0.94251776]
   [0.36133185 0.22182731 0.94613373]
   [0.57215047 0.48777884 0.8992549 ]
   [0.5480143  0.20669506 0.85800916]
   [0.718472   0.51365304 0.5096016 ]
   [0.7106641  0.18810657 0.26501593]
   [0.68683654 0.4087276  0.7887549 ]
   [0.6829831  0.2788919  0.8843826 ]
   [0.6706245  0.5476397  0.76794153]
   [0.65694493 0.1379419  0.84238523]
   [0.70762044 0.26273876 0.5882035 ]
   [0.68966836 0.41688898 0.5375962 ]]]]"
15,Scale_Pose_or_Tolasana__image_34.jpg,"[[[[0.15164858 0.48351333 0.75037324]
   [0.12429617 0.50481564 0.6737919 ]
   [0.12603138 0.4573932  0.70812833]
   [0.13855551 0.5339137  0.66501856]
   [0.14269869 0.42902178 0.81965977]
   [0.26034576 0.602331   0.9076273 ]
   [0.2664063  0.38088718 0.9469846 ]
   [0.46178752 0.63054836 0.85991436]
   [0.47075546 0.3640056  0.60772526]
   [0.5709624  0.6781112  0.5012811 ]
   [0.51434225 0.34544435 0.69422764]
   [0.55455047 0.57449144 0.83206   ]
   [0.562382   0.43187016 0.87517744]
   [0.5874154  0.7121646  0.8024757 ]
   [0.59496856 0.28213334 0.87383807]
   [0.5476198  0.4021113  0.60446596]
   [0.5611244  0.55718744 0.45519763]]]]"
16,Scale_Pose_or_Tolasana__image_26.jpg,"[[[[0.41543153 0.52100986 0.69757843]
   [0.40346283 0.5339016  0.5809061 ]
   [0.39907634 0.5068373  0.59099954]
   [0.385632   0.537435   0.70666134]
   [0.3740722  0.47755325 0.72942877]
   [0.40063098 0.56159663 0.6470893 ]
   [0.37117952 0.42341784 0.8433425 ]
   [0.5234042  0.56732714 0.2771968 ]
   [0.5201896  0.33652458 0.5825296 ]
   [0.525264   0.45529753 0.23676148]
   [0.6347376  0.32831174 0.90660876]
   [0.5579763  0.4865218  0.6576024 ]
   [0.56744415 0.43901557 0.79954493]
   [0.5298477  0.6307496  0.4478247 ]
   [0.54008603 0.5005557  0.26979503]
   [0.5283877  0.44981143 0.37239707]
   [0.5300688  0.49693972 0.15012611]]]]"
17,Scale_Pose_or_Tolasana__image_86.jpg,"[[[[0.22596689 0.38443467 0.8067439 ]
   [0.20425342 0.4245197  0.60983   ]
   [0.19007292 0.39173612 0.4441122 ]
   [0.23052248 0.5187208  0.5991758 ]
   [0.1993232  0.44615215 0.14062268]
   [0.32922038 0.6571853  0.62666726]
   [0.30800444 0.36427665 0.86385685]
   [0.5371678  0.7257124  0.71524024]
   [0.49632728 0.31668657 0.5592755 ]
   [0.68169594 0.74541104 0.49177676]
   [0.5667521  0.41707665 0.22908694]
   [0.5651276  0.5869166  0.79452187]
   [0.5642732  0.43111068 0.7038017 ]
   [0.58588177 0.75315595 0.5710607 ]
   [0.636947   0.22612189 0.8321061 ]
   [0.58386445 0.44018143 0.18075803]
   [0.57777774 0.5746157  0.42552602]]]]"
18,Scale_Pose_or_Tolasana__image_13.jpg,"[[[[0.4452216  0.4905204  0.73837084]
   [0.43744075 0.5008073  0.48316598]
   [0.4381997  0.48340252 0.45918715]
   [0.44245663 0.51559937 0.60669374]
   [0.4453507  0.4749149  0.6784689 ]
   [0.48427397 0.5393659  0.6426758 ]
   [0.4892675  0.44893414 0.56804854]
   [0.56939894 0.56654954 0.5139061 ]
   [0.5767968  0.42025468 0.5578247 ]
   [0.59718645 0.55579907 0.3468312 ]
   [0.61797434 0.4935692  0.35387278]
   [0.6144689  0.53009355 0.66301966]
   [0.611519   0.4631098  0.6578353 ]
   [0.6158089  0.59668726 0.39863595]
   [0.59405917 0.40134138 0.30367976]
   [0.6355677  0.49636817 0.24300177]
   [0.64196646 0.5135849  0.46045166]]]]"
19,Scale_Pose_or_Tolasana__image_61.jpg,"[[[[0.28089672 0.405474   0.35901058]
   [0.2444431  0.42956454 0.78905874]
   [0.25614792 0.3733433  0.47207254]
   [0.24563201 0.47556862 0.7269781 ]
   [0.27031568 0.34140852 0.44095472]
   [0.4006295  0.5521932  0.8500541 ]
   [0.41518307 0.2924277  0.8363746 ]
   [0.6036418  0.6141682  0.6752337 ]
   [0.649194   0.21774286 0.7027551 ]
   [0.7941435  0.6456288  0.6999113 ]
   [0.8288533  0.18999274 0.58719033]
   [0.7277105  0.52425283 0.4740249 ]
   [0.73380315 0.34731612 0.5167707 ]
   [0.6433114  0.7121966  0.5260109 ]
   [0.71408015 0.16168274 0.77431625]
   [0.73522794 0.39531073 0.14789274]
   [0.76161015 0.48607475 0.25068587]]]]"
20,Scale_Pose_or_Tolasana__image_49.jpg,"[[[[0.36101705 0.46627328 0.64997023]
   [0.34387046 0.47260588 0.6391627 ]
   [0.34274453 0.45239142 0.53708863]
   [0.33305928 0.4446682  0.7234594 ]
   [0.3289494  0.4050506  0.65857136]
   [0.39321154 0.46058816 0.77101153]
   [0.3804253  0.3289576  0.81961924]
   [0.51623863 0.45476437 0.52695435]
   [0.52879155 0.2847142  0.63080436]
   [0.5284558  0.47183585 0.36331734]
   [0.6649543  0.28542235 0.8804947 ]
   [0.6205083  0.39797577 0.4986454 ]
   [0.62536895 0.31128424 0.4708605 ]
   [0.5468106  0.5671879  0.70263785]
   [0.54693836 0.37019765 0.6083539 ]
   [0.63169074 0.45114422 0.39547807]
   [0.60753536 0.39306197 0.09075367]]]]"
21,Scale_Pose_or_Tolasana__image_89.jpg,"[[[[0.34234783 0.5895511  0.4671149 ]
   [0.32011676 0.5961281  0.81670475]
   [0.32094622 0.56370914 0.73538405]
   [0.32801378 0.5781285  0.49823198]
   [0.33628574 0.5008327  0.65456593]
   [0.43006137 0.6310604  0.9348823 ]
   [0.42288753 0.44189644 0.8751207 ]
   [0.5890414  0.6759742  0.77508533]
   [0.58375275 0.3867488  0.7410594 ]
   [0.7384307  0.6991746  0.8581782 ]
   [0.7165896  0.37706932 0.5823871 ]
   [0.65312487 0.57919365 0.6571109 ]
   [0.65728253 0.4868224  0.7254128 ]
   [0.6047028  0.6646269  0.82470894]
   [0.6350122  0.36528045 0.6680583 ]
   [0.6135443  0.52278394 0.17937936]
   [0.6189909  0.53263277 0.49860278]]]]"
22,Scale_Pose_or_Tolasana__image_66.jpg,"[[[[0.19569975 0.49409053 0.86579186]
   [0.17743881 0.5142496  0.5585731 ]
   [0.17752783 0.47002453 0.654606  ]
   [0.20427208 0.5446983  0.49559548]
   [0.20446675 0.43242353 0.6679213 ]
   [0.32856306 0.59520465 0.73424864]
   [0.32029554 0.38013786 0.87982005]
   [0.52634275 0.6048663  0.67773783]
   [0.51159686 0.35237214 0.69353265]
   [0.59294933 0.5917039  0.25518   ]
   [0.56023437 0.37156412 0.4563378 ]
   [0.5967042  0.5602774  0.8503223 ]
   [0.60052556 0.4136472  0.85437834]
   [0.5995573  0.70722115 0.66211987]
   [0.6349073  0.26536733 0.8376834 ]
   [0.5804911  0.42233363 0.65470254]
   [0.605025   0.53164625 0.5928057 ]]]]"
23,Scale_Pose_or_Tolasana__image_44.jpg,"[[[[0.347979   0.511338   0.82143545]
   [0.30999532 0.5399906  0.64473534]
   [0.31009614 0.4816483  0.7711795 ]
   [0.3062345  0.5805627  0.8431404 ]
   [0.30886188 0.4397599  0.8196777 ]
   [0.4015407  0.63862133 0.8023689 ]
   [0.41644764 0.35997397 0.7663488 ]
   [0.6002826  0.7398151  0.76822925]
   [0.6324328  0.29070255 0.76244235]
   [0.7787598  0.742784   0.9258683 ]
   [0.79378784 0.28428346 0.9498896 ]
   [0.6466001  0.6056808  0.65199476]
   [0.64820904 0.43880534 0.6921674 ]
   [0.66264737 0.7481425  0.866287  ]
   [0.6535831  0.30726862 0.8458353 ]
   [0.65001357 0.4516175  0.4654736 ]
   [0.6536101  0.5638876  0.44310543]]]]"
24,Scale_Pose_or_Tolasana__image_83.jpg,"[[[[0.40098515 0.50065184 0.609621  ]
   [0.38125882 0.51519066 0.53306293]
   [0.38547987 0.48196253 0.55602944]
   [0.36109686 0.5340117  0.6724131 ]
   [0.36993247 0.4527087  0.6437564 ]
   [0.42972583 0.5929188  0.818268  ]
   [0.43234998 0.40691388 0.8655581 ]
   [0.5815997  0.6416338  0.5998969 ]
   [0.57447964 0.3793827  0.8299104 ]
   [0.6842878  0.65549135 0.4228746 ]
   [0.6069881  0.38855803 0.35307747]
   [0.6410694  0.56185585 0.7116032 ]
   [0.6414646  0.45162067 0.7430035 ]
   [0.63857543 0.6838089  0.55558604]
   [0.6862174  0.3362429  0.8011341 ]
   [0.6287692  0.46340716 0.44633794]
   [0.63532853 0.54616004 0.40299836]]]]"
25,Scale_Pose_or_Tolasana__image_51.jpg,"[[[[0.43678907 0.4880945  0.6496491 ]
   [0.4146411  0.5056092  0.8854915 ]
   [0.41581196 0.47118917 0.6450364 ]
   [0.4207794  0.5344964  0.69394934]
   [0.4249334  0.45041662 0.65998113]
   [0.4986984  0.58240044 0.8280387 ]
   [0.5067547  0.41333836 0.8947049 ]
   [0.65881026 0.61528164 0.7414225 ]
   [0.65125203 0.3754849  0.8683638 ]
   [0.79384214 0.6471095  0.7433035 ]
   [0.7930635  0.36025456 0.78320014]
   [0.7645336  0.5589026  0.6865112 ]
   [0.76967525 0.46082023 0.7975654 ]
   [0.68700194 0.6334788  0.6013948 ]
   [0.6851887  0.35158524 0.81916994]
   [0.6705517  0.4812159  0.27670914]
   [0.6697252  0.43616524 0.10830203]]]]"
26,Scale_Pose_or_Tolasana__image_16.jpg,"[[[[0.3256091  0.3560934  0.67573005]
   [0.30892554 0.3681948  0.82513833]
   [0.31026953 0.3672444  0.77699697]
   [0.3167668  0.41501987 0.73744863]
   [0.31737706 0.4171631  0.6201425 ]
   [0.37848452 0.46164837 0.8605848 ]
   [0.37114224 0.46536526 0.70206445]
   [0.5600422  0.4980972  0.57805884]
   [0.55234873 0.50354266 0.67091846]
   [0.6815377  0.50316924 0.523499  ]
   [0.66462564 0.49085245 0.5118418 ]
   [0.6092574  0.586116   0.69256717]
   [0.6021956  0.5948518  0.8623844 ]
   [0.600575   0.3660138  0.7676641 ]
   [0.6006423  0.36263353 0.72245854]
   [0.6739017  0.4897437  0.29933643]
   [0.64665556 0.47857794 0.31201792]]]]"
27,Scale_Pose_or_Tolasana__image_56.jpg,"[[[[0.39521626 0.4407693  0.6852028 ]
   [0.3797007  0.45623562 0.65284085]
   [0.37887338 0.43534383 0.5856912 ]
   [0.36965135 0.500457   0.7563244 ]
   [0.3719632  0.44773754 0.6355418 ]
   [0.43910623 0.56866723 0.88473   ]
   [0.45038217 0.40485746 0.74978274]
   [0.5999852  0.62232393 0.624017  ]
   [0.60883784 0.38974935 0.44932768]
   [0.7186095  0.65474963 0.56957144]
   [0.66107    0.40228203 0.23958865]
   [0.65299636 0.5661585  0.79020274]
   [0.654316   0.47331607 0.8224322 ]
   [0.73715556 0.5973325  0.7172372 ]
   [0.67162883 0.29234755 0.8611106 ]
   [0.6704504  0.45190844 0.25278014]
   [0.67390674 0.50098747 0.54985046]]]]"
28,Scale_Pose_or_Tolasana__image_7.jpg,"[[[[0.34704652 0.5101506  0.781117  ]
   [0.327076   0.52781767 0.6532629 ]
   [0.3242129  0.488887   0.78847086]
   [0.33609125 0.5511212  0.8462686 ]
   [0.32996893 0.46238497 0.76405007]
   [0.41481724 0.61460274 0.8983768 ]
   [0.40509155 0.40404928 0.73296326]
   [0.58312845 0.62788385 0.73062676]
   [0.56885487 0.41081458 0.56683373]
   [0.7326294  0.6452006  0.8207475 ]
   [0.5896996  0.4004748  0.40509057]
   [0.6455348  0.5662915  0.771528  ]
   [0.6365139  0.45226586 0.7431702 ]
   [0.6360758  0.660023   0.6602252 ]
   [0.64140254 0.28531614 0.93013316]
   [0.62282926 0.45507026 0.2669769 ]
   [0.6350828  0.48808149 0.18057907]]]]"
29,Scale_Pose_or_Tolasana__image_23.jpg,"[[[[0.31518754 0.53541267 0.6615907 ]
   [0.28538603 0.56869584 0.51822275]
   [0.2847242  0.5025768  0.40510374]
   [0.22967082 0.6195285  0.4884719 ]
   [0.22565939 0.44787797 0.6197027 ]
   [0.3091548  0.64525145 0.8290139 ]
   [0.29913637 0.3877616  0.7662822 ]
   [0.5024571  0.7439439  0.36574408]
   [0.51503015 0.29429555 0.5336566 ]
   [0.54643524 0.8137449  0.30682316]
   [0.6986214  0.2614109  0.68467075]
   [0.62067306 0.5832134  0.80030584]
   [0.6209511  0.42905876 0.554936  ]
   [0.5613205  0.84161556 0.5630674 ]
   [0.55497605 0.19771974 0.46683392]
   [0.6627814  0.4475115  0.27611855]
   [0.6257857  0.5855352  0.34165356]]]]"
30,Scale_Pose_or_Tolasana__image_42.jpg,"[[[[0.25741825 0.5050817  0.7336207 ]
   [0.2318341  0.53077745 0.41953555]
   [0.23114908 0.48166862 0.5812858 ]
   [0.24147962 0.56349623 0.6819437 ]
   [0.24017985 0.44654885 0.8222637 ]
   [0.40598574 0.63545793 0.6456409 ]
   [0.40625483 0.37277287 0.83309543]
   [0.625766   0.6953634  0.69483304]
   [0.62299824 0.33044997 0.6361325 ]
   [0.80910164 0.7103039  0.31955713]
   [0.68682224 0.4884606  0.16473933]
   [0.72737855 0.59195757 0.40793243]
   [0.7227157  0.42769518 0.4897196 ]
   [0.7127506  0.6865093  0.16127682]
   [0.755153   0.33594203 0.41592276]
   [0.7459498  0.507639   0.05106474]
   [0.7306533  0.5462435  0.10701654]]]]"
31,Scale_Pose_or_Tolasana__image_60.jpg,"[[[[0.31868514 0.50662506 0.7768789 ]
   [0.30018264 0.52182704 0.8896216 ]
   [0.302523   0.48540935 0.67806673]
   [0.3209898  0.55023605 0.7511716 ]
   [0.32546127 0.4572446  0.8012019 ]
   [0.42785728 0.6086268  0.8688729 ]
   [0.42897713 0.401549   0.8302541 ]
   [0.60539037 0.6464919  0.86270607]
   [0.5880946  0.3619957  0.5544266 ]
   [0.731941   0.6777153  0.8198465 ]
   [0.7425757  0.327019   0.8721674 ]
   [0.6944396  0.5653001  0.7583603 ]
   [0.6976527  0.45512766 0.8527934 ]
   [0.6097339  0.67164034 0.21996753]
   [0.5970586  0.33088323 0.7090247 ]
   [0.6359752  0.47699672 0.15762171]
   [0.6331827  0.53059226 0.43757936]]]]"
32,Scale_Pose_or_Tolasana__image_9.jpg,"[[[[7.30907738e-01 2.13597059e-01 3.40328440e-02]
   [2.58147240e-01 5.27841747e-01 4.55832895e-04]
   [7.23810017e-01 1.93147525e-01 9.44071263e-03]
   [2.66483247e-01 5.30004859e-01 1.37343560e-03]
   [3.17873955e-01 4.44487333e-01 8.08463781e-04]
   [5.78650355e-01 9.26981270e-01 2.11961363e-02]
   [3.39999288e-01 4.44779098e-01 1.91534292e-02]
   [2.90939152e-01 5.07723510e-01 2.23587342e-02]
   [3.10998380e-01 4.92401928e-01 4.26486209e-02]
   [5.12410760e-01 5.92201948e-01 6.02375297e-03]
   [4.92980570e-01 3.06015849e-01 2.23931093e-02]
   [4.64726239e-01 5.22369146e-01 1.60038751e-02]
   [3.83461744e-01 4.97759044e-01 4.04871218e-02]
   [3.22826058e-01 4.92744297e-01 3.84921283e-02]
   [3.33423316e-01 4.71699476e-01 1.16161354e-01]
   [4.85605508e-01 5.37972748e-01 7.87665546e-02]
   [5.03929734e-01 4.49546158e-01 4.64547053e-02]]]]"
33,Scale_Pose_or_Tolasana__image_4.jpg,"[[[[0.29206625 0.48324177 0.5455219 ]
   [0.28394392 0.4925266  0.65668386]
   [0.28482676 0.47221613 0.6077655 ]
   [0.2984592  0.5055126  0.6640374 ]
   [0.29906094 0.45918635 0.5638068 ]
   [0.36145818 0.5306767  0.6021612 ]
   [0.35992274 0.4340079  0.6580586 ]
   [0.46297938 0.54184985 0.54936004]
   [0.45709193 0.41694656 0.5139807 ]
   [0.49511316 0.5185393  0.39200345]
   [0.50782716 0.45011014 0.27148777]
   [0.51417756 0.5043323  0.5121322 ]
   [0.5196051  0.45113996 0.61276823]
   [0.49196002 0.5704422  0.48460385]
   [0.48631302 0.4052548  0.563804  ]
   [0.51640666 0.49889722 0.29572317]
   [0.52655005 0.4421     0.30451062]]]]"
34,Scale_Pose_or_Tolasana__image_48.jpg,"[[[[0.5623446  0.49229026 0.6134059 ]
   [0.55219615 0.50676256 0.760616  ]
   [0.5529513  0.47935408 0.7338754 ]
   [0.55645984 0.5236454  0.7653848 ]
   [0.55671185 0.46205541 0.6724247 ]
   [0.59711754 0.54643726 0.5395333 ]
   [0.6064206  0.43838915 0.52594644]
   [0.7174286  0.5848025  0.706154  ]
   [0.72136885 0.3981261  0.7220452 ]
   [0.82795936 0.59339184 0.7377573 ]
   [0.81134766 0.38954788 0.747912  ]
   [0.7601225  0.521344   0.53445244]
   [0.75952154 0.45543876 0.7029195 ]
   [0.7327448  0.5905949  0.32116354]
   [0.74415725 0.38998035 0.4556273 ]
   [0.77482903 0.53756064 0.17286327]
   [0.7911523  0.39449883 0.13127172]]]]"
35,Scale_Pose_or_Tolasana__image_72.jpg,"[[[[0.5874705  0.49535975 0.21442997]
   [0.57039475 0.50200593 0.3351024 ]
   [0.57088023 0.49163154 0.31339455]
   [0.56675464 0.5124816  0.15231402]
   [0.5647064  0.47886482 0.20122464]
   [0.58819914 0.52564263 0.28524697]
   [0.6045112  0.45657173 0.30480945]
   [0.65898997 0.54772866 0.11595895]
   [0.6628147  0.4320751  0.16366045]
   [0.6793748  0.53306633 0.08785702]
   [0.66333884 0.45703027 0.09344469]
   [0.6832727  0.5294622  0.09051601]
   [0.6992944  0.45882022 0.10999796]
   [0.7196081  0.5439646  0.06691974]
   [0.72538006 0.45111814 0.08367775]
   [0.78235424 0.5577014  0.04604061]
   [0.7810277  0.43709975 0.06891925]]]]"
36,Scale_Pose_or_Tolasana__image_47.jpg,"[[[[0.7223857  0.7310855  0.5556152 ]
   [0.71667975 0.7384888  0.4891993 ]
   [0.7159921  0.722172   0.52040315]
   [0.716201   0.7502147  0.3031569 ]
   [0.71680516 0.7134218  0.32124645]
   [0.76700395 0.7785299  0.510624  ]
   [0.7631372  0.6972797  0.4025868 ]
   [0.83728313 0.7987971  0.5002185 ]
   [0.84328467 0.68596697 0.39799204]
   [0.864713   0.7888009  0.2799496 ]
   [0.87485504 0.6853994  0.315026  ]
   [0.8775777  0.76021105 0.448973  ]
   [0.8781609  0.7152751  0.53402644]
   [0.8767889  0.7770704  0.23632741]
   [0.88355416 0.66691875 0.3652857 ]
   [0.9437735  0.7450829  0.30379054]
   [0.9438038  0.6685215  0.45086882]]]]"
37,Scale_Pose_or_Tolasana__image_62.jpg,"[[[[0.25101554 0.5220985  0.6659451 ]
   [0.23263209 0.5424836  0.7107281 ]
   [0.23307256 0.5005768  0.48575   ]
   [0.25638428 0.57236594 0.8640331 ]
   [0.2586536  0.47360078 0.92783004]
   [0.38282794 0.64829063 0.9315264 ]
   [0.37901706 0.39935637 0.81504637]
   [0.56363255 0.67174125 0.8029512 ]
   [0.5633937  0.37353846 0.8479373 ]
   [0.68152165 0.6905771  0.45256957]
   [0.684447   0.36165443 0.14308214]
   [0.6283557  0.5961794  0.8242278 ]
   [0.638042   0.4299582  0.74384475]
   [0.61204654 0.7205064  0.74872434]
   [0.6366802  0.34041387 0.766738  ]
   [0.6733373  0.41281375 0.57807744]
   [0.6837096  0.65484303 0.5107653 ]]]]"
38,Scale_Pose_or_Tolasana__image_14.jpg,"[[[[0.3357764  0.5005728  0.63076526]
   [0.3114629  0.51852536 0.58823687]
   [0.31297305 0.47987822 0.66391015]
   [0.31969738 0.5438473  0.80489516]
   [0.32294926 0.45573312 0.8099851 ]
   [0.41903725 0.59915483 0.8493831 ]
   [0.4203212  0.4071473  0.8777819 ]
   [0.579641   0.63061243 0.8598796 ]
   [0.5735897  0.38503155 0.7504736 ]
   [0.71764636 0.64074904 0.5551741 ]
   [0.618054   0.39675662 0.26524702]
   [0.65530485 0.5577664  0.71453065]
   [0.6567744  0.450915   0.7896395 ]
   [0.6218905  0.64923036 0.8207016 ]
   [0.6443583  0.3408104  0.9151336 ]
   [0.6857971  0.44245988 0.39574856]
   [0.68036604 0.53465927 0.32553002]]]]"
39,Scale_Pose_or_Tolasana__image_30.jpg,"[[[[0.32789996 0.46051493 0.7792053 ]
   [0.3001817  0.47916234 0.7716844 ]
   [0.30368316 0.44625792 0.90869945]
   [0.28444096 0.5350074  0.84709287]
   [0.29913035 0.45907652 0.63146836]
   [0.37929523 0.6136552  0.8884122 ]
   [0.3934679  0.4450413  0.88015485]
   [0.57329017 0.650753   0.6992856 ]
   [0.57202196 0.44059652 0.6226268 ]
   [0.7487281  0.6897167  0.5863453 ]
   [0.7116152  0.40674266 0.35576457]
   [0.64673644 0.5993001  0.771466  ]
   [0.6490538  0.5012645  0.7882354 ]
   [0.6517452  0.6214927  0.6267511 ]
   [0.6167975  0.2954268  0.7840164 ]
   [0.7186453  0.4264345  0.39713275]
   [0.68960977 0.52944446 0.49577275]]]]"
40,Scale_Pose_or_Tolasana__image_22.jpg,"[[[[0.34463954 0.49900845 0.5260411 ]
   [0.33180544 0.51038885 0.78831404]
   [0.3306574  0.48424503 0.63435966]
   [0.3396024  0.5251474  0.78583735]
   [0.33903578 0.45974103 0.7776839 ]
   [0.39573285 0.5542787  0.8068778 ]
   [0.3976018  0.42763263 0.85243714]
   [0.51500994 0.5856976  0.72417426]
   [0.5205464  0.3924122  0.67325264]
   [0.5478193  0.5649078  0.17565823]
   [0.60403323 0.39869398 0.2575636 ]
   [0.58063775 0.51749307 0.53715736]
   [0.5805134  0.4438399  0.70688367]
   [0.52245796 0.61132705 0.52078354]
   [0.5325362  0.38016337 0.77910066]
   [0.55610013 0.49428773 0.18126673]
   [0.6123566  0.40128    0.411974  ]]]]"
41,Scale_Pose_or_Tolasana__image_73.jpg,"[[[[0.3136299  0.28469086 0.802697  ]
   [0.27868488 0.30916148 0.5631479 ]
   [0.27876696 0.28325972 0.5143815 ]
   [0.27456883 0.41227588 0.8944243 ]
   [0.28026375 0.3573304  0.63784534]
   [0.35394946 0.5690919  0.77723795]
   [0.40469617 0.3523939  0.8612323 ]
   [0.61631376 0.770756   0.8666294 ]
   [0.6043637  0.32889882 0.66901344]
   [0.8473116  0.80261064 0.7652024 ]
   [0.79447126 0.36615264 0.84200907]
   [0.60010105 0.65995455 0.6403092 ]
   [0.6064556  0.52316374 0.57624435]
   [0.6599854  0.6576786  0.34304932]
   [0.5897211  0.23918708 0.73870945]
   [0.6191711  0.68063325 0.03749034]
   [0.63514864 0.5376295  0.5325046 ]]]]"
42,Scale_Pose_or_Tolasana__image_19.jpg,"[[[[0.36607817 0.46874368 0.59341484]
   [0.3506576  0.4754201  0.6392169 ]
   [0.35409898 0.4505586  0.47489682]
   [0.3442414  0.4631697  0.5789347 ]
   [0.34916738 0.40237248 0.74494725]
   [0.37686652 0.51993316 0.8182233 ]
   [0.40318367 0.33086956 0.904336  ]
   [0.49911654 0.5562888  0.7227256 ]
   [0.5372142  0.3180947  0.69534546]
   [0.5810426  0.58990115 0.70293164]
   [0.60993165 0.34084046 0.47369617]
   [0.6204982  0.49722186 0.71009225]
   [0.6372303  0.39524946 0.76778346]
   [0.701802   0.5890108  0.6116168 ]
   [0.70627326 0.32031253 0.7328659 ]
   [0.6418463  0.4385559  0.31940505]
   [0.64335304 0.48983565 0.5485778 ]]]]"
43,Scale_Pose_or_Tolasana__image_12.jpg,"[[[[0.34391126 0.46305922 0.71989477]
   [0.31614977 0.486671   0.6717604 ]
   [0.31884426 0.4473356  0.815317  ]
   [0.29152304 0.54372096 0.7420087 ]
   [0.30848154 0.46604505 0.5325714 ]
   [0.3714888  0.64176553 0.74929905]
   [0.3978266  0.43655932 0.756163  ]
   [0.5560438  0.7519059  0.8475533 ]
   [0.5846382  0.4068498  0.62855166]
   [0.7445616  0.77224505 0.85050964]
   [0.7278821  0.41939354 0.8567207 ]
   [0.6669796  0.6570836  0.6191719 ]
   [0.6652872  0.5311105  0.7870284 ]
   [0.54062855 0.7138284  0.555039  ]
   [0.5889226  0.33765823 0.82599455]
   [0.665356   0.53949916 0.11367965]
   [0.6886415  0.56724095 0.20036535]]]]"
44,Scale_Pose_or_Tolasana__image_91.jpg,"[[[[0.36099467 0.5213481  0.7773578 ]
   [0.3346585  0.5427648  0.84271395]
   [0.33335182 0.49768725 0.78938603]
   [0.34018847 0.5720049  0.76228225]
   [0.33532807 0.46618372 0.60465807]
   [0.4202486  0.61863863 0.7233537 ]
   [0.4226683  0.41189024 0.8860868 ]
   [0.5957336  0.6591606  0.67799205]
   [0.61313874 0.34552372 0.6580787 ]
   [0.7338296  0.6795816  0.7621591 ]
   [0.7559681  0.3307426  0.93187267]
   [0.7238556  0.5895235  0.5158964 ]
   [0.7206922  0.4609508  0.8341144 ]
   [0.6155531  0.73185724 0.6807067 ]
   [0.5956426  0.30905083 0.86458963]
   [0.63340044 0.48730743 0.36166024]
   [0.62994283 0.54495806 0.3870017 ]]]]"
45,Scale_Pose_or_Tolasana__image_52.jpg,"[[[[0.4085928  0.5261294  0.72214377]
   [0.394165   0.5412574  0.77922696]
   [0.39610213 0.5082118  0.82199395]
   [0.407339   0.56262094 0.57652295]
   [0.4085563  0.48720953 0.6471507 ]
   [0.48090553 0.5940915  0.65115696]
   [0.47488344 0.45242703 0.77220774]
   [0.61259186 0.6123929  0.67061   ]
   [0.61628574 0.4116805  0.66897506]
   [0.7355604  0.62770456 0.7853062 ]
   [0.725026   0.39958882 0.7203721 ]
   [0.70566446 0.5352236  0.3176377 ]
   [0.7019652  0.4583513  0.5746493 ]
   [0.62761456 0.64236474 0.26724884]
   [0.63908464 0.4270856  0.35138157]
   [0.6768882  0.57067704 0.20344402]
   [0.7135366  0.398267   0.35824516]]]]"
46,Scale_Pose_or_Tolasana__image_35.jpg,"[[[[0.5138964  0.5643347  0.4590914 ]
   [0.50279135 0.5771227  0.33180538]
   [0.5015988  0.55457175 0.48002052]
   [0.5082154  0.59188545 0.412484  ]
   [0.5054611  0.532888   0.51943135]
   [0.5713487  0.60697937 0.578599  ]
   [0.5719016  0.50228226 0.53984386]
   [0.6655796  0.6356167  0.48347503]
   [0.6536388  0.47630903 0.50614077]
   [0.6781248  0.60561633 0.16514415]
   [0.6766105  0.51905334 0.2818541 ]
   [0.6952428  0.58558804 0.48796663]
   [0.69738704 0.5181098  0.39344022]
   [0.6703545  0.61638963 0.23248063]
   [0.6786426  0.4876055  0.23540528]
   [0.73638004 0.62344676 0.3081629 ]
   [0.742578   0.4519469  0.44126767]]]]"
47,Scale_Pose_or_Tolasana__image_76.jpg,"[[[[0.27349564 0.49147645 0.921239  ]
   [0.2406394  0.52139    0.9469774 ]
   [0.23990643 0.46172115 0.92841643]
   [0.25999182 0.5683621  0.9103725 ]
   [0.25763148 0.42273432 0.87827736]
   [0.31900907 0.62146693 0.7298154 ]
   [0.33727446 0.34360445 0.80444354]
   [0.573653   0.74161726 0.75444466]
   [0.5800581  0.24547264 0.87878036]
   [0.7951089  0.80431575 0.8856166 ]
   [0.7940607  0.19706301 0.9395228 ]
   [0.6148739  0.5657402  0.743671  ]
   [0.61028194 0.41226196 0.79557276]
   [0.6061221  0.781646   0.89514846]
   [0.599675   0.20537215 0.80780745]
   [0.6092313  0.49830922 0.30625886]
   [0.59845096 0.5336177  0.7742295 ]]]]"
48,Scale_Pose_or_Tolasana__image_64.jpg,"[[[[0.22943932 0.50914294 0.8934772 ]
   [0.19100948 0.5188007  0.7986911 ]
   [0.20110448 0.47067827 0.7571479 ]
   [0.19727738 0.5139711  0.72306883]
   [0.22143781 0.40618774 0.7945549 ]
   [0.32513994 0.5913535  0.81104803]
   [0.35188866 0.32700267 0.82028645]
   [0.5486145  0.60716134 0.73000735]
   [0.6047107  0.28413007 0.8106058 ]
   [0.76234055 0.63508624 0.62612206]
   [0.8377511  0.26879108 0.7979554 ]
   [0.64108276 0.50927156 0.8060365 ]
   [0.6686514  0.3435447  0.84183794]
   [0.65851474 0.7581004  0.7922776 ]
   [0.72727776 0.44624782 0.600483  ]
   [0.7608531  0.5343394  0.26398745]
   [0.7787466  0.56417304 0.16504261]]]]"
49,Scale_Pose_or_Tolasana__image_82.jpg,"[[[[0.25235376 0.47091153 0.7303586 ]
   [0.21574916 0.50262916 0.8624878 ]
   [0.21640617 0.44006965 0.79646665]
   [0.21808246 0.54848874 0.73500067]
   [0.22046958 0.40665388 0.7426063 ]
   [0.3343713  0.63166505 0.82714057]
   [0.34728298 0.33755136 0.9659532 ]
   [0.5622319  0.7073155  0.8360627 ]
   [0.5728055  0.2660764  0.82697904]
   [0.7641018  0.74356216 0.94932115]
   [0.77190495 0.21401192 0.8944251 ]
   [0.67875093 0.58646387 0.6107613 ]
   [0.68259203 0.42609122 0.8770399 ]
   [0.5933444  0.79014593 0.8734973 ]
   [0.58807856 0.18846792 0.82777345]
   [0.65929633 0.4331992  0.5616027 ]
   [0.71010435 0.56162685 0.47611943]]]]"
50,Scale_Pose_or_Tolasana__image_53.jpg,"[[[[0.4885078  0.5042921  0.6020839 ]
   [0.4833149  0.5089571  0.45909342]
   [0.48384392 0.50088626 0.4033031 ]
   [0.483071   0.5169861  0.5333604 ]
   [0.4835348  0.49294245 0.4709433 ]
   [0.514365   0.5256255  0.5539356 ]
   [0.5115745  0.4818485  0.5899301 ]
   [0.5557625  0.5375893  0.58240235]
   [0.55566466 0.46629432 0.45795164]
   [0.57726943 0.53441274 0.47245735]
   [0.5718129  0.47473088 0.38517782]
   [0.579345   0.5192997  0.5715263 ]
   [0.5757976  0.48806787 0.49292272]
   [0.6048402  0.53703105 0.27407894]
   [0.6068753  0.47074616 0.18330106]
   [0.62316    0.5364279  0.0970661 ]
   [0.6261355  0.4833965  0.08792206]]]]"
51,Scale_Pose_or_Tolasana__image_59.jpg,"[[[[0.43159753 0.45913562 0.78704065]
   [0.41530305 0.4748176  0.8330459 ]
   [0.41458514 0.44448614 0.81651986]
   [0.4176248  0.49481    0.7113306 ]
   [0.41692603 0.42075998 0.5962735 ]
   [0.4890266  0.5329923  0.6839675 ]
   [0.48895323 0.37586668 0.75694746]
   [0.60254836 0.5486802  0.45444807]
   [0.6035295  0.35759515 0.5382271 ]
   [0.6453615  0.545697   0.49714607]
   [0.6605799  0.34883216 0.4229363 ]
   [0.66192883 0.49364206 0.5303787 ]
   [0.6660941  0.4096884  0.7574574 ]
   [0.65488636 0.58363205 0.4432043 ]
   [0.66683936 0.32453135 0.6195104 ]
   [0.6740404  0.5527683  0.26049504]
   [0.69256216 0.45352665 0.2908989 ]]]]"
52,Scale_Pose_or_Tolasana__image_15.jpg,"[[[[0.23517025 0.49164975 0.8455937 ]
   [0.20259449 0.5231405  0.72562677]
   [0.20182273 0.46122286 0.8646833 ]
   [0.2338642  0.5655801  0.86251086]
   [0.23339255 0.4241503  0.9078748 ]
   [0.39419416 0.66342676 0.965336  ]
   [0.39305413 0.33074927 0.9571869 ]
   [0.6633135  0.7146657  0.9268876 ]
   [0.6572165  0.2901453  0.7839322 ]
   [0.88861626 0.72149074 0.8859188 ]
   [0.8806692  0.285496   0.8606799 ]
   [0.73575664 0.59271216 0.7076666 ]
   [0.74016    0.39811534 0.7177395 ]
   [0.6910054  0.7830688  0.7309419 ]
   [0.76129097 0.20563671 0.87668264]
   [0.70343727 0.43005648 0.36007705]
   [0.68841946 0.54121035 0.4193043 ]]]]"
53,Scale_Pose_or_Tolasana__image_32.jpg,"[[[[0.40454865 0.50667524 0.5353907 ]
   [0.386207   0.52419853 0.87830496]
   [0.38691723 0.48747575 0.67418534]
   [0.4009335  0.55203164 0.7928456 ]
   [0.4008108  0.463111   0.79843485]
   [0.49361446 0.5975728  0.78058106]
   [0.48492587 0.4237322  0.7053044 ]
   [0.634345   0.6227585  0.7876472 ]
   [0.5864372  0.39243343 0.37623048]
   [0.75727254 0.6179342  0.91388005]
   [0.64301056 0.39048308 0.5312815 ]
   [0.7080789  0.55978835 0.48962465]
   [0.70397323 0.4754573  0.6308782 ]
   [0.6608859  0.6040392  0.35346538]
   [0.6858574  0.35594827 0.61887443]
   [0.6674612  0.47661152 0.32226923]
   [0.66533893 0.4934669  0.3048797 ]]]]"
54,Scale_Pose_or_Tolasana__image_8.jpg,"[[[[0.20930672 0.5640113  0.6092683 ]
   [0.17483304 0.5573358  0.65228873]
   [0.16858701 0.5307416  0.6716192 ]
   [0.17950283 0.48821905 0.4778525 ]
   [0.18697412 0.43395704 0.55478024]
   [0.35341048 0.5853239  0.79123956]
   [0.34445256 0.2909845  0.92264396]
   [0.6184292  0.638042   0.59781075]
   [0.5857456  0.207048   0.8117092 ]
   [0.8315643  0.68714756 0.73351884]
   [0.81124985 0.15753402 0.67337054]
   [0.68680763 0.5170079  0.87475234]
   [0.7009136  0.33083725 0.802126  ]
   [0.72047454 0.80523455 0.8693905 ]
   [0.76700616 0.18947677 0.45377633]
   [0.70964885 0.37310866 0.45817086]
   [0.79918706 0.5861702  0.27067187]]]]"
55,Scale_Pose_or_Tolasana__image_77.jpg,"[[[[0.32953927 0.5391848  0.828852  ]
   [0.30763265 0.5657153  0.89798504]
   [0.30982354 0.5099805  0.7202203 ]
   [0.34411058 0.6054546  0.814358  ]
   [0.34856495 0.48121923 0.85320365]
   [0.46480587 0.6664333  0.9170277 ]
   [0.46969324 0.40956557 0.91232157]
   [0.690004   0.705316   0.86462444]
   [0.68895084 0.37086812 0.90616494]
   [0.8757265  0.7694717  0.51437116]
   [0.8092407  0.34312904 0.4736811 ]
   [0.81417376 0.6096817  0.9092723 ]
   [0.8084581  0.4413542  0.8971668 ]
   [0.80146253 0.85900724 0.79069066]
   [0.8377078  0.1831904  0.9582518 ]
   [0.8660284  0.50651026 0.6527441 ]
   [0.915615   0.5627739  0.7714886 ]]]]"
56,Scale_Pose_or_Tolasana__image_18.jpg,"[[[[0.34365377 0.5164754  0.6114154 ]
   [0.31749782 0.53295636 0.8478349 ]
   [0.3172274  0.4937165  0.86583817]
   [0.3197409  0.5383016  0.8653195 ]
   [0.31693766 0.45661858 0.72677094]
   [0.4190732  0.5782044  0.77676713]
   [0.41078043 0.38922405 0.6966603 ]
   [0.6050902  0.5982363  0.84480494]
   [0.60914266 0.33675846 0.8687676 ]
   [0.72256535 0.6371107  0.49065018]
   [0.7464604  0.292282   0.8263496 ]
   [0.6743816  0.5296955  0.7944189 ]
   [0.67737323 0.41482884 0.7127786 ]
   [0.6745799  0.66805744 0.6333224 ]
   [0.6936665  0.3401723  0.78706694]
   [0.6940053  0.4489731  0.36630526]
   [0.7405852  0.563911   0.41489443]]]]"
57,Scale_Pose_or_Tolasana__image_68.jpg,"[[[[0.29268545 0.48448643 0.58380127]
   [0.26613104 0.5057077  0.7439691 ]
   [0.2665111  0.4605925  0.7138185 ]
   [0.2763816  0.53228426 0.5978604 ]
   [0.27893424 0.4298819  0.8381652 ]
   [0.38599905 0.5951572  0.72473156]
   [0.38305953 0.36852014 0.95210177]
   [0.56717485 0.6275166  0.7600242 ]
   [0.56651515 0.33992687 0.7405943 ]
   [0.683802   0.66730124 0.2643356 ]
   [0.6931372  0.34584185 0.27204925]
   [0.63299495 0.5559265  0.78384036]
   [0.6387734  0.41763574 0.7821703 ]
   [0.68172693 0.67598915 0.43588823]
   [0.7063091  0.31236473 0.24100558]
   [0.6948686  0.4782776  0.17567308]
   [0.6976099  0.4988785  0.45487073]]]]"
58,Scale_Pose_or_Tolasana__image_69.jpg,"[[[[0.48269105 0.44705552 0.6082032 ]
   [0.4673413  0.45921752 0.7218277 ]
   [0.46555516 0.42694783 0.55186135]
   [0.44800618 0.47851005 0.69752324]
   [0.45066717 0.40206    0.6090495 ]
   [0.49537125 0.52167475 0.8484288 ]
   [0.49700516 0.36851132 0.9035085 ]
   [0.6049891  0.553577   0.7376182 ]
   [0.6069855  0.34111655 0.686748  ]
   [0.6095005  0.5305612  0.55883986]
   [0.71131504 0.33341706 0.5816872 ]
   [0.6706911  0.5111031  0.65782976]
   [0.6789739  0.4307097  0.8301239 ]
   [0.64890665 0.5759916  0.7290395 ]
   [0.6201913  0.30449554 0.7726329 ]
   [0.71307516 0.5615582  0.46337503]
   [0.72100544 0.33479843 0.42303774]]]]"
59,Scale_Pose_or_Tolasana__image_58.jpg,"[[[[0.28575644 0.52285695 0.6744284 ]
   [0.27841556 0.5325538  0.3971099 ]
   [0.27878487 0.5133473  0.34904844]
   [0.28208077 0.54373467 0.32056183]
   [0.28518483 0.50182927 0.47279155]
   [0.3310218  0.5616751  0.56034505]
   [0.3251288  0.49171638 0.52383447]
   [0.41886428 0.5780483  0.32338572]
   [0.38206604 0.46763498 0.29889134]
   [0.4327839  0.56925195 0.2940575 ]
   [0.4300237  0.48731363 0.10680024]
   [0.4365333  0.54971796 0.50500935]
   [0.42878026 0.49569002 0.410749  ]
   [0.45043474 0.57465947 0.2584885 ]
   [0.42881116 0.43594837 0.46690133]
   [0.46952403 0.5764009  0.23142515]
   [0.4400983  0.43421754 0.15596858]]]]"
60,Scale_Pose_or_Tolasana__image_36.jpg,"[[[[0.3629385  0.44374862 0.797894  ]
   [0.33337802 0.46967345 0.70466566]
   [0.3357678  0.42041472 0.86031085]
   [0.33941573 0.51181275 0.6151516 ]
   [0.34509027 0.3947375  0.733308  ]
   [0.44488508 0.5761342  0.85241127]
   [0.44842008 0.35192922 0.80975425]
   [0.628296   0.63284516 0.80029553]
   [0.6321756  0.31417805 0.82578987]
   [0.77419335 0.6520022  0.733202  ]
   [0.7573983  0.2977086  0.7977708 ]
   [0.68049926 0.5471034  0.5999002 ]
   [0.677169   0.433546   0.82464075]
   [0.6359594  0.66117704 0.86828774]
   [0.6392458  0.2474108  0.93293744]
   [0.6858378  0.43251052 0.4339528 ]
   [0.68770385 0.48152065 0.5067977 ]]]]"
61,Scale_Pose_or_Tolasana__image_71.jpg,"[[[[0.49778512 0.48311988 0.35050997]
   [0.48200628 0.51577485 0.19106083]
   [0.4912106  0.4715517  0.21065149]
   [0.45743188 0.5242915  0.1905665 ]
   [0.42393422 0.4434426  0.31396148]
   [0.4729758  0.5314201  0.5704441 ]
   [0.46219516 0.42569074 0.6147346 ]
   [0.5285215  0.5539643  0.46089673]
   [0.52332664 0.39746746 0.5392003 ]
   [0.58907676 0.5439561  0.58860373]
   [0.58652836 0.4085671  0.85885686]
   [0.52408874 0.5096538  0.30899888]
   [0.5236949  0.4413975  0.30657655]
   [0.50590914 0.5413303  0.21410531]
   [0.50576633 0.40298846 0.5210451 ]
   [0.5672903  0.53612256 0.0848903 ]
   [0.5491411  0.4079604  0.25050044]]]]"
62,Scale_Pose_or_Tolasana__image_85.jpg,"[[[[0.4010349  0.5823117  0.61562747]
   [0.3897251  0.5931915  0.38267982]
   [0.39189565 0.5736807  0.53744155]
   [0.38726822 0.6133648  0.64880764]
   [0.39679536 0.5704755  0.579267  ]
   [0.4219777  0.6558953  0.44329548]
   [0.44323546 0.5666395  0.38312772]
   [0.5035024  0.69140756 0.4549412 ]
   [0.5172941  0.5433686  0.3619412 ]
   [0.556038   0.6749672  0.42106175]
   [0.5403143  0.5838654  0.42006403]
   [0.536934   0.66021186 0.1443953 ]
   [0.5444278  0.5952571  0.2230723 ]
   [0.5120302  0.67340446 0.12927383]
   [0.51678777 0.5274421  0.15353076]
   [0.5667185  0.67261356 0.17336012]
   [0.56144345 0.57975847 0.15379098]]]]"
63,Scale_Pose_or_Tolasana__image_2.jpg,"[[[[0.2767092  0.50220686 0.6332036 ]
   [0.25616366 0.5241955  0.89745116]
   [0.2595557  0.47708893 0.90235376]
   [0.28962958 0.5601511  0.6650346 ]
   [0.292831   0.45076787 0.5943307 ]
   [0.39644167 0.6097839  0.91825086]
   [0.4010436  0.40831015 0.73656243]
   [0.57375777 0.6492329  0.91827214]
   [0.6002291  0.37869582 0.7200812 ]
   [0.6815205  0.682509   0.5550529 ]
   [0.6830087  0.37268108 0.5376534 ]
   [0.6823945  0.5869144  0.797725  ]
   [0.69257957 0.45129812 0.872424  ]
   [0.71409607 0.72522676 0.85664886]
   [0.78261364 0.28361237 0.5358387 ]
   [0.6981203  0.4586965  0.48663267]
   [0.7196873  0.5508499  0.36996195]]]]"
64,Scale_Pose_or_Tolasana__image_50.jpg,"[[[[0.35119873 0.47803277 0.81969035]
   [0.32843938 0.49773884 0.51649046]
   [0.32586136 0.4592635  0.73994154]
   [0.30723244 0.5199456  0.7739514 ]
   [0.30508626 0.42817992 0.8967978 ]
   [0.37713146 0.5713997  0.9045583 ]
   [0.37559524 0.37533367 0.84914637]
   [0.576863   0.64071345 0.7524444 ]
   [0.5521972  0.30684152 0.8837043 ]
   [0.5910465  0.44970676 0.44202727]
   [0.65754545 0.28363186 0.24260148]
   [0.6348407  0.52854997 0.64943606]
   [0.64643574 0.41511807 0.8173373 ]
   [0.5843537  0.6617323  0.6886449 ]
   [0.5933702  0.30578306 0.6592798 ]
   [0.60331243 0.4413355  0.639769  ]
   [0.63397306 0.53239214 0.43821996]]]]"
65,Scale_Pose_or_Tolasana__image_54.jpg,"[[[[0.2508766  0.4968409  0.572095  ]
   [0.23680612 0.5130694  0.67630863]
   [0.23644406 0.4774415  0.7439011 ]
   [0.2558951  0.5344111  0.7729597 ]
   [0.25779873 0.45277873 0.71288544]
   [0.3565829  0.5834662  0.7470138 ]
   [0.35203463 0.40571907 0.73324007]
   [0.5088831  0.634301   0.46637112]
   [0.50073457 0.34295416 0.67195404]
   [0.6756913  0.62505656 0.8158736 ]
   [0.67242634 0.3217508  0.7883068 ]
   [0.6273589  0.5309141  0.73918515]
   [0.6194497  0.4406514  0.8492609 ]
   [0.4840517  0.67547053 0.64274323]
   [0.50021136 0.32223475 0.7182649 ]
   [0.5513858  0.46012968 0.21821634]
   [0.69073224 0.3239452  0.33604926]]]]"
66,Scale_Pose_or_Tolasana__image_87.jpg,"[[[[0.27932155 0.5848552  0.587266  ]
   [0.2593944  0.6058284  0.5873477 ]
   [0.25771743 0.56354964 0.4900773 ]
   [0.27621266 0.63439167 0.75519305]
   [0.27141026 0.5278347  0.6491337 ]
   [0.41784233 0.6639699  0.8195515 ]
   [0.4002233  0.47493088 0.6483811 ]
   [0.5791474  0.6971768  0.67334956]
   [0.5742208  0.4129924  0.4717678 ]
   [0.66169596 0.7151558  0.40260443]
   [0.724984   0.36122033 0.6407571 ]
   [0.7109496  0.5992469  0.68514544]
   [0.71017915 0.48954457 0.813216  ]
   [0.6606504  0.772076   0.5088809 ]
   [0.62956685 0.3534996  0.7009229 ]
   [0.7458171  0.5343884  0.28683993]
   [0.7385848  0.5995485  0.3015673 ]]]]"
67,Scale_Pose_or_Tolasana__image_46.jpg,"[[[[0.13002369 0.4495486  0.81998986]
   [0.10778569 0.46658117 0.65267813]
   [0.10891982 0.42588654 0.6428745 ]
   [0.11815419 0.49304265 0.8332716 ]
   [0.12061901 0.39543355 0.8095174 ]
   [0.22712064 0.54082805 0.65026325]
   [0.23721862 0.35052884 0.92583656]
   [0.4024043  0.5993984  0.76356447]
   [0.3843231  0.29737812 0.5953524 ]
   [0.53848416 0.61918026 0.6933547 ]
   [0.42111224 0.3699376  0.34249002]
   [0.48780447 0.5022205  0.6640105 ]
   [0.494261   0.41480935 0.78237987]
   [0.4255037  0.63326627 0.88153714]
   [0.4432387  0.2577009  0.80299747]
   [0.4625475  0.4023835  0.19016373]
   [0.46586546 0.43523318 0.2235846 ]]]]"
68,Scale_Pose_or_Tolasana__image_21.jpg,"[[[[0.28040364 0.49394    0.5156418 ]
   [0.24872112 0.51818967 0.5607142 ]
   [0.25184122 0.46312177 0.6525008 ]
   [0.26109132 0.5564411  0.67304206]
   [0.27027276 0.4239095  0.64780825]
   [0.40348554 0.62159175 0.5773355 ]
   [0.40397975 0.3704196  0.7716865 ]
   [0.6328629  0.66217345 0.66838795]
   [0.6309943  0.3110511  0.6280316 ]
   [0.7173948  0.6818144  0.15086548]
   [0.6949341  0.28103098 0.46504474]
   [0.74158907 0.5727256  0.815087  ]
   [0.74499696 0.41533378 0.726896  ]
   [0.73254573 0.7100376  0.41625744]
   [0.7713463  0.3208688  0.23868929]
   [0.7432293  0.3817668  0.10211001]
   [0.7536968  0.60145915 0.1290333 ]]]]"
69,Scale_Pose_or_Tolasana__image_39.jpg,"[[[[0.26709795 0.4672055  0.5794664 ]
   [0.24133413 0.48952875 0.91161644]
   [0.24694644 0.44350767 0.836292  ]
   [0.2553507  0.5227646  0.86750233]
   [0.26562124 0.42239836 0.76915336]
   [0.36296105 0.59235156 0.88630223]
   [0.37035522 0.37442642 0.7964672 ]
   [0.5225052  0.6533504  0.7699769 ]
   [0.5425065  0.33376253 0.69205445]
   [0.58682173 0.6517923  0.6089724 ]
   [0.6010308  0.33249784 0.43868908]
   [0.6759622  0.57238954 0.6505944 ]
   [0.675022   0.41911077 0.85414374]
   [0.67125386 0.7343966  0.8411514 ]
   [0.69442075 0.2451851  0.6875562 ]
   [0.6252088  0.41595033 0.6025936 ]
   [0.63109523 0.5453982  0.62686217]]]]"
70,Scale_Pose_or_Tolasana__image_80.jpg,"[[[[0.25307503 0.49279425 0.7523031 ]
   [0.23530887 0.51508033 0.5799849 ]
   [0.23506482 0.47244623 0.72265434]
   [0.27070266 0.5473356  0.7881738 ]
   [0.26827705 0.4472722  0.8657671 ]
   [0.39907685 0.61263806 0.9239936 ]
   [0.39406928 0.38709557 0.910298  ]
   [0.56946677 0.6333694  0.70318896]
   [0.5773339  0.3630645  0.86587703]
   [0.7063982  0.66165835 0.4020212 ]
   [0.6316307  0.40893036 0.44142684]
   [0.67137647 0.56495225 0.9338555 ]
   [0.6646264  0.43850723 0.79864657]
   [0.65593857 0.7142257  0.6724986 ]
   [0.6745969  0.2750965  0.8466412 ]
   [0.73226625 0.42483446 0.5227141 ]
   [0.74512446 0.58769065 0.7567434 ]]]]"
71,Scale_Pose_or_Tolasana__image_65.jpg,"[[[[0.5950778  0.49311438 0.6958875 ]
   [0.58671016 0.5045105  0.6864818 ]
   [0.58449376 0.4824428  0.6500682 ]
   [0.5871428  0.51925594 0.68401694]
   [0.58603036 0.46692696 0.49729165]
   [0.63737154 0.5409485  0.74165   ]
   [0.637649   0.44381616 0.51930535]
   [0.724341   0.57126474 0.44409198]
   [0.72278583 0.4205135  0.4729228 ]
   [0.75062937 0.5157604  0.18576904]
   [0.7451428  0.46969956 0.21691255]
   [0.7805868  0.52004504 0.5180821 ]
   [0.7772939  0.46803975 0.53685194]
   [0.7351921  0.5823522  0.4208203 ]
   [0.747433   0.41204578 0.45192108]
   [0.8102206  0.57488805 0.39043948]
   [0.8053602  0.41268858 0.29992083]]]]"
72,Scale_Pose_or_Tolasana__image_55.jpg,"[[[[0.32751992 0.47783592 0.6273762 ]
   [0.2973864  0.5062384  0.6760918 ]
   [0.2960801  0.4549958  0.52547526]
   [0.26885927 0.53895396 0.8007052 ]
   [0.26649177 0.4178493  0.66281945]
   [0.35315973 0.58986104 0.8854038 ]
   [0.36325228 0.3710628  0.75327164]
   [0.53542775 0.64658445 0.8146095 ]
   [0.5649788  0.32120746 0.77400756]
   [0.6994873  0.698939   0.34392744]
   [0.7197843  0.29595205 0.84607697]
   [0.60887116 0.54542464 0.79756624]
   [0.6154937  0.41767013 0.72116023]
   [0.6580756  0.6721717  0.58103997]
   [0.5697909  0.28879648 0.7284612 ]
   [0.6001354  0.4374812  0.2830428 ]
   [0.57598716 0.5444221  0.4943581 ]]]]"
73,Scale_Pose_or_Tolasana__image_84.jpg,"[[[[0.3609171  0.49408662 0.5778047 ]
   [0.3468152  0.4832949  0.36389607]
   [0.345837   0.5035254  0.521445  ]
   [0.35532567 0.46624827 0.58608866]
   [0.35340303 0.5195912  0.66026795]
   [0.4291608  0.42560527 0.72969395]
   [0.43201274 0.56184536 0.65342134]
   [0.5600554  0.40022653 0.5763082 ]
   [0.55226314 0.5852241  0.7205856 ]
   [0.64427245 0.3882469  0.421456  ]
   [0.63568115 0.58273005 0.34169227]
   [0.6612942  0.4576983  0.7143343 ]
   [0.65774375 0.5401013  0.7507278 ]
   [0.6370471  0.39761484 0.33767214]
   [0.63868827 0.60739636 0.7010402 ]
   [0.6563784  0.396033   0.39173692]
   [0.63983834 0.5207535  0.32412353]]]]"
74,Scale_Pose_or_Tolasana__image_74.jpg,"[[[[0.26296592 0.48848912 0.82222503]
   [0.2405064  0.5159752  0.85557914]
   [0.23798066 0.4641817  0.8391306 ]
   [0.2744476  0.55131054 0.8342521 ]
   [0.26815373 0.43018082 0.8646018 ]
   [0.4015324  0.60301626 0.70284367]
   [0.379966   0.3722168  0.7972936 ]
   [0.61106753 0.6435759  0.62638235]
   [0.591987   0.32873082 0.878085  ]
   [0.6716598  0.64866    0.41752157]
   [0.6491818  0.34149155 0.45096815]
   [0.6792244  0.55829275 0.84206533]
   [0.6855537  0.4203905  0.90877074]
   [0.73912704 0.72526544 0.8938381 ]
   [0.6982617  0.24943164 0.7543121 ]
   [0.715138   0.4402451  0.29802275]
   [0.7297046  0.534376   0.5571741 ]]]]"
75,Scale_Pose_or_Tolasana__image_40.jpg,"[[[[0.2783775  0.50637746 0.8012538 ]
   [0.2457751  0.5344032  0.81685686]
   [0.24876533 0.47382152 0.6282709 ]
   [0.26455608 0.57635266 0.5858211 ]
   [0.27082708 0.43254155 0.811168  ]
   [0.40596786 0.6314658  0.9106912 ]
   [0.4082129  0.36908054 0.84413666]
   [0.6352677  0.6523759  0.80335385]
   [0.608349   0.33828434 0.8864094 ]
   [0.79288495 0.6677903  0.3453626 ]
   [0.6659208  0.3293784  0.46542734]
   [0.7044632  0.57583654 0.88301176]
   [0.70700145 0.41281253 0.9220791 ]
   [0.76820123 0.72919273 0.7592723 ]
   [0.7931281  0.23583919 0.8458409 ]
   [0.7034148  0.42672265 0.7305588 ]
   [0.71038467 0.56303096 0.65694505]]]]"
76,Scale_Pose_or_Tolasana__image_10.jpg,"[[[[0.20845394 0.5173111  0.74825233]
   [0.18528616 0.53615403 0.59307015]
   [0.18800871 0.49287355 0.61594075]
   [0.19034857 0.5599196  0.80347186]
   [0.1997028  0.45785162 0.9050584 ]
   [0.33023834 0.6396193  0.8417863 ]
   [0.32716832 0.37138015 0.7889915 ]
   [0.5330165  0.6805166  0.6455054 ]
   [0.53181887 0.2947665  0.6511691 ]
   [0.71585566 0.71003777 0.829737  ]
   [0.67735136 0.25369948 0.8991205 ]
   [0.6146428  0.57421654 0.8108096 ]
   [0.6313133  0.42350882 0.7636835 ]
   [0.61319524 0.7813469  0.66655785]
   [0.5958328  0.2702442  0.7809162 ]
   [0.5708852  0.42840496 0.6485654 ]
   [0.6043902  0.5576184  0.23649968]]]]"
77,Scale_Pose_or_Tolasana__image_79.jpg,"[[[[0.22004461 0.5044369  0.70028025]
   [0.1848576  0.53955793 0.82257104]
   [0.18506497 0.46808764 0.5948055 ]
   [0.21272853 0.58182    0.7782929 ]
   [0.21081334 0.42810434 0.85715944]
   [0.39107284 0.6522769  0.9094811 ]
   [0.3929331  0.34380528 0.94189775]
   [0.64515847 0.7140192  0.8538395 ]
   [0.65042156 0.2529377  0.8533362 ]
   [0.76822865 0.73601574 0.15408224]
   [0.8526717  0.19890077 0.80523443]
   [0.76284873 0.6043389  0.7160609 ]
   [0.7671891  0.396699   0.673827  ]
   [0.7446988  0.8600678  0.8809703 ]
   [0.7147167  0.19612606 0.78862023]
   [0.8032174  0.39562014 0.3113852 ]
   [0.7212626  0.60017806 0.72561705]]]]"
78,Scale_Pose_or_Tolasana__image_17.jpg,"[[[[0.29451102 0.5517948  0.71588105]
   [0.27603084 0.5672485  0.7731243 ]
   [0.2785999  0.53385395 0.55075914]
   [0.2911996  0.59569526 0.7559957 ]
   [0.29328054 0.51203436 0.731967  ]
   [0.37088412 0.6469908  0.73201793]
   [0.38260671 0.47833252 0.8490233 ]
   [0.5223452  0.6839574  0.78651816]
   [0.5286619  0.45848438 0.6298443 ]
   [0.6319294  0.71735555 0.5790453 ]
   [0.58574367 0.55714625 0.16795178]
   [0.6118901  0.62620646 0.7640658 ]
   [0.62156904 0.5234221  0.7457543 ]
   [0.5696658  0.7606802  0.83453774]
   [0.5826337  0.3921559  0.69403905]
   [0.6014957  0.52511084 0.29671705]
   [0.5896085  0.6059313  0.44827223]]]]"
79,Scale_Pose_or_Tolasana__image_67.jpg,"[[[[0.35859302 0.4860121  0.65443355]
   [0.33353668 0.5058261  0.87580276]
   [0.3331196  0.46585748 0.7671756 ]
   [0.32161826 0.53264135 0.7480219 ]
   [0.32017118 0.44191307 0.8413305 ]
   [0.39945322 0.5772077  0.78658044]
   [0.39798853 0.39063784 0.89400995]
   [0.5735938  0.6185079  0.8301642 ]
   [0.5757166  0.34604776 0.8268704 ]
   [0.61000437 0.6267428  0.37680292]
   [0.60582095 0.3595782  0.54882455]
   [0.65345526 0.5418049  0.70435727]
   [0.6553959  0.42173368 0.850389  ]
   [0.6295833  0.66554046 0.57431954]
   [0.6598039  0.3020367  0.93435234]
   [0.62332076 0.40334895 0.38364422]
   [0.64398164 0.55690247 0.45162255]]]]"
80,Scale_Pose_or_Tolasana__image_33.jpg,"[[[[0.30734488 0.5013366  0.6769716 ]
   [0.28592464 0.51685816 0.7367291 ]
   [0.2880213  0.48207054 0.82085824]
   [0.29439673 0.53685075 0.7795045 ]
   [0.29935363 0.45524853 0.7551568 ]
   [0.37235752 0.5824265  0.7211563 ]
   [0.37856904 0.41906694 0.7872641 ]
   [0.5430145  0.6117396  0.58383256]
   [0.5445559  0.38938713 0.557688  ]
   [0.5728106  0.60763484 0.33367133]
   [0.6141064  0.4959156  0.09665124]
   [0.6354719  0.55013907 0.8622978 ]
   [0.62882024 0.43140563 0.7755693 ]
   [0.66420436 0.69126    0.8106052 ]
   [0.6267935  0.32322764 0.76215106]
   [0.6219951  0.471178   0.6259924 ]
   [0.6116076  0.54389334 0.6332367 ]]]]"
81,Scale_Pose_or_Tolasana__image_25.jpg,"[[[[0.26592064 0.49792558 0.581214  ]
   [0.23163578 0.524971   0.8923154 ]
   [0.23397785 0.4701834  0.73953015]
   [0.2444098  0.5576799  0.87887853]
   [0.24695247 0.43798453 0.837931  ]
   [0.38527623 0.6312452  0.95837027]
   [0.3871249  0.3745447  0.92097473]
   [0.6200665  0.68037444 0.90714866]
   [0.62653834 0.32808834 0.88388383]
   [0.82322043 0.7178422  0.78106993]
   [0.8110387  0.2982551  0.3603233 ]
   [0.7183943  0.59299445 0.75096184]
   [0.7182319  0.4290461  0.8560988 ]
   [0.73864776 0.73792106 0.8666469 ]
   [0.7885715  0.23770006 0.6435357 ]
   [0.71805376 0.42822403 0.7984823 ]
   [0.7297729  0.56678134 0.49625468]]]]"
82,Scale_Pose_or_Tolasana__image_28.jpg,"[[[[0.51236266 0.5342049  0.5762974 ]
   [0.49916893 0.5543369  0.5364897 ]
   [0.4928043  0.52085096 0.7201449 ]
   [0.5130992  0.57275677 0.408121  ]
   [0.50080615 0.48695928 0.40234753]
   [0.60899687 0.5880137  0.67124134]
   [0.59903127 0.43445927 0.7478973 ]
   [0.7574972  0.6038715  0.56694365]
   [0.75240844 0.40475127 0.29672262]
   [0.7920296  0.61720556 0.24962297]
   [0.8161794  0.5039494  0.26879275]
   [0.82816136 0.55186373 0.70165503]
   [0.8248518  0.448532   0.5896277 ]
   [0.86140895 0.69329655 0.59988326]
   [0.8599601  0.36283463 0.64159876]
   [0.82662326 0.48651156 0.19534796]
   [0.82319814 0.5416356  0.3418087 ]]]]"
83,Scale_Pose_or_Tolasana__image_29.jpg,"[[[[0.18846786 0.5561798  0.6569531 ]
   [0.16078852 0.5913571  0.70372045]
   [0.16464598 0.5384725  0.77186084]
   [0.18577705 0.65608    0.5617742 ]
   [0.18488134 0.52801746 0.56741357]
   [0.373409   0.74757534 0.82826155]
   [0.36709538 0.47053298 0.8011632 ]
   [0.64877385 0.8010604  0.86650956]
   [0.6377104  0.40913954 0.9293899 ]
   [0.8830502  0.8383616  0.7975307 ]
   [0.8246059  0.3560868  0.6740809 ]
   [0.71358234 0.7161473  0.87713474]
   [0.7095454  0.55992967 0.90107024]
   [0.8001306  0.75522745 0.50295043]
   [0.7194607  0.22454315 0.8142806 ]
   [0.7819723  0.5244109  0.4322672 ]
   [0.77538985 0.6306277  0.58789754]]]]"
84,Scale_Pose_or_Tolasana__image_90.jpg,"[[[[0.419598   0.507921   0.60916317]
   [0.40380046 0.52065665 0.67580837]
   [0.4045218  0.49344105 0.6779962 ]
   [0.40915942 0.5350073  0.7756445 ]
   [0.4125602  0.47013274 0.74634564]
   [0.47937995 0.5652334  0.67123854]
   [0.47639564 0.43487856 0.7426138 ]
   [0.60371786 0.6010939  0.8151119 ]
   [0.6054605  0.40072924 0.5909861 ]
   [0.71059304 0.605834   0.51399153]
   [0.69325525 0.40033168 0.15293059]
   [0.695549   0.5342773  0.69300133]
   [0.6899067  0.46114606 0.79248923]
   [0.6355606  0.64191085 0.6041324 ]
   [0.6431473  0.3663861  0.8400956 ]
   [0.6772102  0.46704    0.43540415]
   [0.6880331  0.51783335 0.34812465]]]]"
85,Scale_Pose_or_Tolasana__image_45.jpg,"[[[[0.35798398 0.5692309  0.68004215]
   [0.34607977 0.5847093  0.6762591 ]
   [0.3466665  0.5605356  0.5680388 ]
   [0.3593108  0.6159213  0.7304447 ]
   [0.36036927 0.5551662  0.55323213]
   [0.43006754 0.6624086  0.7936827 ]
   [0.4452691  0.5347648  0.7876294 ]
   [0.55605364 0.71766293 0.552261  ]
   [0.5742676  0.50190747 0.64842993]
   [0.6614642  0.7153539  0.4814515 ]
   [0.587518   0.6103356  0.52986956]
   [0.598843   0.6718871  0.6712741 ]
   [0.60520214 0.602724   0.6087679 ]
   [0.59786916 0.70110035 0.10461501]
   [0.5856573  0.4708152  0.33859652]
   [0.59403276 0.6658096  0.17066519]
   [0.590523   0.61265343 0.24018183]]]]"
86,Scale_Pose_or_Tolasana__image_31.jpg,"[[[[0.20137537 0.49377206 0.89603394]
   [0.1628041  0.5213762  0.95403373]
   [0.16442603 0.4651881  0.91310304]
   [0.17736207 0.56403303 0.8255004 ]
   [0.17872259 0.42805    0.8886112 ]
   [0.354486   0.6379515  0.857657  ]
   [0.34089383 0.33220768 0.9076931 ]
   [0.619405   0.70348036 0.8999075 ]
   [0.6136217  0.2671029  0.7441643 ]
   [0.84918755 0.729602   0.8221964 ]
   [0.8432186  0.25519028 0.83510274]
   [0.71306735 0.57779443 0.83980954]
   [0.7278778  0.38458064 0.6888488 ]
   [0.68462074 0.7874979  0.8548088 ]
   [0.7003166  0.19063053 0.95509195]
   [0.717245   0.4202939  0.653725  ]
   [0.74375886 0.54439586 0.33426598]]]]"
87,Scale_Pose_or_Tolasana__image_1.jpg,"[[[[0.34522963 0.52360404 0.69908273]
   [0.31976038 0.5336525  0.84776366]
   [0.3259688  0.4974202  0.78607583]
   [0.31867906 0.5475806  0.63682306]
   [0.33406356 0.45944375 0.8477575 ]
   [0.3996083  0.5941602  0.69502014]
   [0.4017808  0.41970724 0.7746095 ]
   [0.5696434  0.64866537 0.77267325]
   [0.58453393 0.36400077 0.8600957 ]
   [0.69098926 0.66631234 0.8257327 ]
   [0.7017776  0.3484898  0.7208581 ]
   [0.6601007  0.5649393  0.8048211 ]
   [0.6657007  0.4689203  0.8427842 ]
   [0.57129806 0.6729334  0.56865346]
   [0.5974932  0.35326314 0.70066524]
   [0.6123833  0.49372444 0.35031623]
   [0.6125686  0.537279   0.3838769 ]]]]"
